,id,name
0,0,Faith
1,1,Family
2,2,Children & Family Films
3,3,Dramas
4,4,Faith & Spirituality
5,5,Faith & Spirituality Films
6,6,Comedy
7,7,Fantasy
8,8,Action & Adventure
9,9,Adventures
10,10,Children & Family Movies
11,11,Comedies
12,12,Family Comedies
13,13,International Action & Adventure
14,14,International Comedies
15,15,International Sci-Fi & Fantasy
16,16,Sci-Fi & Fantasy
17,17,Sci-Fi Adventure
18,18,Spanish Movies
19,19,Stand-Up Comedy
20,20,Dark Comedies
21,21,Irreverent Stand-up Comedy
22,22,Stand-up Comedy
23,23,Action
24,24,Anime
25,25,Anime Action
26,26,Anime Fantasy
27,27,Anime Series
28,28,TV Shows
29,29,Independent Movies
30,30,Teen Movies
31,31,Crime
32,32,Drama
33,33,Academy Award-Winning Films
34,34,Classic Films
35,35,Crime Dramas
36,36,Crime Films
37,37,Critically-acclaimed Dramas
38,38,Critically-acclaimed Films
39,39,Dramas based on a book
40,40,Dramas based on contemporary literature
41,41,Romance
42,42,Danish Comedies
43,43,Danish Films
44,44,Romantic Comedies
45,45,Romantic Danish Movies
46,46,Romantic Films
47,47,Scandinavian Comedies
48,48,Documentary
49,49,Crime Documentaries
50,50,Docuseries
51,51,Historical Documentaries
52,52,True Crime Documentaries
53,53,TV Mysteries
54,54,US TV Shows
55,55,Thriller
56,56,Crime Thrillers
57,57,Films Based on Books
58,58,Mysteries
59,59,Spanish Films
60,60,Thrillers
61,61,Action and Adventure
62,62,Action Comedies
63,63,Goofy Comedies
64,64,International Movies
65,65,Romantic Movies
66,66,Turkish Movies
67,67,Action Thrillers
68,68,Asian Action Films
69,69,Chinese Films
70,70,Crime Action & Adventure
71,71,Gangster Films
72,72,Police Dramas
73,73,Police Movies
74,74,Police Thrillers
75,75,Political Dramas
76,76,Political Thrillers
77,77,International Dramas
78,78,Romantic Dramas
79,79,Adventure
80,80,Late Night Comedies
81,81,Slapstick Comedies
82,82,Spoofs & Satires
83,83,Dramas based on real life
84,84,Filipino Movies
85,85,Horror
86,86,Horror Films
87,87,Norwegian Films
88,88,Psychological Thrillers
89,89,Animal Tales
90,90,Films for ages 5 to 7
91,91,Films for ages 8 to 10
92,92,Biography
93,93,Biographical Dramas
94,94,Crime TV Dramas
95,95,Hindi-Language TV Shows
96,96,Indian TV Shows
97,97,TV Comedies
98,98,TV Dramas
99,99,TV Thrillers
100,100,Animation
101,101,Family Adventures
102,102,Family Sci-Fi & Fantasy
103,103,Sport
104,104,Sports Dramas
105,105,Action Anime
106,106,Anime Based on Light Novels
107,107,Comedy Anime
108,108,Sci-Fi & Fantasy Anime
109,109,TV Sci-Fi & Fantasy
110,110,Spy Thrillers
111,111,Classic Movies
112,112,Japanese Movies
113,113,Movies based on Books
114,114,Russian Movies
115,115,Crime Movies
116,116,Vietnamese Movies
117,117,French Comedies
118,118,Chinese Movies
119,119,Hong Kong Movies
120,120,Indian Movies
121,121,Documentary Films
122,122,Sports Documentaries
123,123,Sports Movies
124,124,Independent Dramas
125,125,Family Watch Together TV
126,126,Kids TV
127,127,TV Action & Adventure
128,128,TV Cartoons
129,129,TV Shows based on Books
130,130,Martial Arts Movies
131,131,Period Pieces
132,132,Polish Dramas
133,133,Polish Movies
134,134,Italian Movies
135,135,Spy Action & Adventure
136,136,Satires
137,137,Anime based on Comics
138,138,Drama Anime
139,139,Romance Anime
140,140,School Anime
141,141,Shoujo Anime
142,142,Slice of Life Anime
143,143,Teen Romance
144,144,German Crime Movies
145,145,German Films
146,146,Horror Movies
147,147,Supernatural Horror Movies
148,148,Supernatural Thrillers
149,149,Thriller Movies
150,150,Monster Movies
151,151,French
152,152,Scandinavian TV Shows
153,153,Swedish TV Shows
154,154,Action Sci-Fi & Fantasy
155,155,Comic Book and Superhero Films
156,156,Monster Films
157,157,Epics
158,158,Martial Arts Films
159,159,International Thrillers
160,160,German Movies
161,161,Swedish Films
162,162,Lifestyle
163,163,Reality TV
164,164,Absurd Comedies
165,165,Raunchy Comedies
166,166,Variety Entertainment
167,167,Middle Eastern Movies
168,168,Bollywood Movies
169,169,Gangster Movies
170,170,Hindi-Language Movies
171,171,Music & Musicals
172,172,Musicals
173,173,Music
174,174,Concerts
175,175,Music & Concert Documentaries
176,176,Swedish Movies
177,177,Korean Action & Adventure
178,178,Korean Comedies
179,179,Korean Movies
180,180,Mystery
181,181,Nordic Movies
182,182,Nordic Thrillers
183,183,Scandinavian Thrillers
184,184,Indonesian Films
185,185,War
186,186,Military Dramas
187,187,Movies based on real life
188,188,Award-winning Movies
189,189,Independent Films
190,190,Hong Kong Films
191,191,Indonesian Movies
192,192,Japanese TV Series
193,193,Sci-Fi
194,194,Sci-Fi Thrillers
195,195,Romantic TV Comedies
196,196,Romantic TV Dramas
197,197,Korean TV Shows
198,198,African Movies
199,199,Nollywood Movies
200,200,Creature Features
201,201,Cult Films
202,202,Cult Horror Films
203,203,Supernatural Horror Films
204,204,Military Action & Adventure
205,205,Korean TV Dramas
206,206,Korean TV Programmes
207,207,TV Programmes
208,208,Dramas based on Books
209,209,French Movies
210,210,Romantic Favorites
211,211,Singaporean Movies
212,212,Chinese Action & Adventure
213,213,Crime Comedies
214,214,Cyberpunk
215,215,Fantasy Movies
216,216,Asian Movies
217,217,Dutch Films
218,218,Chilling Horror Movies
219,219,Horror Comedies
220,220,Chilean Movies & TV
221,221,Latin American Music & Musicals
222,222,Biographical Documentaries
223,223,Teen Screams
224,224,Korean Thrillers
225,225,German Comedies
226,226,Children and Family Films
227,227,Films for ages 11 to 12
228,228,South African Movies
229,229,Anime Movies
230,230,Historical Anime
231,231,Action Sci-Fi and Fantasy
232,232,Sci-Fi and Fantasy
233,233,Sci-Fi Dramas
234,234,Teen Dramas
235,235,Nature & Ecology Documentaries
236,236,Science & Nature Docs
237,237,Social & Cultural Docs
238,238,Australian Movies
239,239,Food & Travel TV
240,240,British Movies
241,241,Travel & Adventure Documentaries
242,242,Biographical Movies
243,243,Showbiz Musicals
244,244,Sci-Fi TV
245,245,Anime Action Films
246,246,Anime Fantasies
247,247,Anime Feature Films
248,248,British Films
249,249,Police Action & Adventure
250,250,British
251,251,Political Comedies
252,252,Thai Comedies
253,253,Family Features
254,254,Movies for ages 11 to 12
255,255,Quirky Romance
256,256,Punjabi-Language Movies
257,257,Social Issue Dramas
258,258,British TV Shows
259,259,Reality
260,260,Variety and Talk Shows
261,261,TV Horror
262,262,US TV Programmes
263,263,German Dramas
264,264,Brazilian Comedies
265,265,Brazilian Movies
266,266,Home & Garden Reality TV
267,267,British Programmes
268,268,Comedy Programmes
269,269,Documentaries
270,270,Sports & Fitness
271,271,Sports Films
272,272,Tamil-Language Movies
273,273,Competition Reality TV
274,274,Makeover Reality TV
275,275,Historical Movies
276,276,Political Documentaries
277,277,Family Feature Animation
278,278,20th Century Period Pieces
279,279,Tearjerkers
280,280,Latin American Movies
281,281,Mexican Movies
282,282,International Action and Adventure
283,283,International Sci-Fi and Fantasy
284,284,US Movies
285,285,Anime Comedies
286,286,Japanese TV Shows
287,287,Japanese Films
288,288,Kids Anime
289,289,Special Interest
290,290,Crime TV Soaps
291,291,Latin American TV Shows
292,292,Police TV Shows
293,293,TV Soaps
294,294,Ambientadas en otra epoca
295,295,Dramas basados en la vida real
296,296,Dramas biograficos
297,297,Dramas romanticos
298,298,PelÃ­culas romÃ¡nticas
299,299,Italian Comedies
300,300,Italian Films
301,301,Taiwanese Movies
302,302,Teen Comedies
303,303,Egyptian Movies
304,304,Anime Features
305,305,Anime released in 2017
306,306,Japanese Sci-Fi & Fantasy
307,307,Military & War Anime
308,308,Czech Movies
309,309,Heist Films
310,310,Thai TV Shows
311,311,Family Sci-Fi and Fantasy
312,312,Blockbuster Action & Adventure
313,313,Telugu-Language Movies
314,314,African Films
315,315,Science & Nature Documentaries
316,316,Social & Cultural Documentaries
317,317,Mainland Chinese Movies
318,318,Fantasy Anime
319,319,Canadian Movies
320,320,Gory Horror Movies
321,321,Korean Drama Movies
322,322,Romantic Korean Movies
323,323,Thai Films
324,324,Australian TV Shows
325,325,Political TV Shows
326,326,Social Issue TV Dramas
327,327,Colombian Movies
328,328,Romantic Favourites
329,329,German TV Shows
330,330,Sitcoms
331,331,Alien Sci-Fi
332,332,Anime Sci-Fi Films
333,333,Time Travel Sci-Fi & Fantasy
334,334,Asian Action Movies
335,335,Gangster Action & Adventure
336,336,Nordic Comedies
337,337,Romantic Independent Films
338,338,Romantic Nordic Movies
339,339,Scandinavian Independent Movies
340,340,Action Movies
341,341,Shounen Anime
342,342,Danish Dramas
343,343,Nordic Dramas
344,344,Scandinavian Dramas
345,345,Brazilian TV Shows
346,346,Critically-acclaimed Movies
347,347,Danish Movies
348,348,Japanese Movies based on Comics
349,349,Retro Anime
350,350,Nollywood
351,351,Turkish Comedies
352,352,Turkish Dramas
353,353,Heist Movies
354,354,Stand-up Comedy & Talk Shows
355,355,Anime based on a Video Game
356,356,Japanese Kids TV
357,357,Independent Comedies
358,358,Education for Kids
359,359,Thai Movies
360,360,Adult Animation
361,361,Films Based on Real Life
362,362,Teen Films
363,363,Heist Action & Adventure
364,364,Japanese Action & Adventure
365,365,Kids Music
366,366,Rock & Pop
367,367,Rockumentaries
368,368,Slasher & Serial Killer Movies
369,369,Family Animation
370,370,Films for ages 2 to 4
371,371,Historical Dramas
372,372,Film Noir
373,373,Anime Sci-Fi
374,374,British Comedies
375,375,Laugh-Out-Loud Comedies
376,376,Romantic Italian Films
377,377,LGBTQ Documentaries
378,378,LGBTQ Movies
379,379,Baeksang Arts Awards Winners
380,380,Swedish Comedies
381,381,Canadian TV Shows
382,382,Mockumentaries
383,383,Polish TV Shows
384,384,Tear-jerking Romantic Movies
385,385,Teen TV Shows
386,386,Bollywood Films
387,387,Crime Action and Adventure
388,388,Zombie Horror Movies
389,389,Independent Action & Adventure
390,390,Crime TV Shows
391,391,Hip-Hop
392,392,Polish Thrillers
393,393,Golden Globe Award-winning Films
394,394,Anime Dramas
395,395,Sports Anime
396,396,Kids TV for ages 5 to 7
397,397,Kids TV for ages 8 to 10
398,398,Drama Programmes
399,399,Mystery Programmes
400,400,Nordic TV Shows
401,401,Scandinavian TV
402,402,Swedish TV Programmes
403,403,TV Programmes Based on Books
404,404,Wedding & Romance Reality TV
405,405,Japanese TV Comedies
406,406,Japanese TV Programmes
407,407,Japanese TV Sci-Fi and Fantasy
408,408,Independent Action and Adventure
409,409,Blockbuster Action and Adventure
410,410,Blockbuster Comedies
411,411,Slasher and Serial Killer Films
412,412,Hindi-language TV Programmes
413,413,Indian Programmes
414,414,International Documentaries
415,415,British TV Programmes
416,416,Education & Guidance
417,417,Italian Dramas
418,418,Romantic Italian Movies
419,419,Swedish Dramas
420,420,Asian TV Shows
421,421,French Films
422,422,Spanish TV Shows
423,423,Military and War Dramas
424,424,Military and War Movies
425,425,Modern Classic Movies
426,426,WWII Movies
427,427,Family Dramas
428,428,Crime Action
429,429,Filipino Films
430,430,Steamy Romantic Films
431,431,Nollywood Films
432,432,Children and Family Movies
433,433,Movies for ages 3 to 4
434,434,Movies for ages 5 to 7
435,435,Movies for ages 8 to 10
436,436,Zombie Horror Films
437,437,Argentinian Films
438,438,Latin American Dramas
439,439,Latin American Films
440,440,Malayalam-Language Movies
441,441,European Comedies
442,442,Japanese TV Films
443,443,TV Action and Adventure
444,444,TV Soaps Featuring a Strong Female Lead
445,445,British Dramas
446,446,Award-winning Dramas
447,447,BAFTA Award-Winning Films
448,448,Sci-Fi Horror Films
449,449,Comic Book and Superhero Movies
450,450,International Films
451,451,Korean Films
452,452,Argentinian Movies
453,453,Fantasy TV Programmes
454,454,Science & Nature TV
455,455,Hungarian Movies
456,456,French TV Programmes
457,457,International Reality
458,458,Talk & Variety Shows
459,459,Variety & Talk Shows
460,460,Blockbuster Action
461,461,Blockbuster Movies
462,462,Blockbuster Sci-Fi & Fantasy
463,463,African-American Stand-up Comedy
464,464,Asian Programmes
465,465,International Programmes
466,466,International TV Comedies
467,467,Korean Programmes
468,468,Romantic International TV Shows
469,469,Movies based on childrens books
470,470,Spanish Dramas
471,471,Nordic Crime Movies
472,472,Military Action and Adventure
473,473,Spy Action and Adventure
474,474,Political TV Programmes
475,475,K-dramas
476,476,Romantic TV Shows
477,477,Italian Thrillers
478,478,Showbiz Dramas
479,479,Canadian Films
480,480,Teen Programmes
481,481,Mexican TV Shows
482,482,Kids TV for ages 2 to 4
483,483,Brazilian Dramas
484,484,Middle-Eastern Films
485,485,Sci-Fi Horror Movies
486,486,Eastern European Films
487,487,Films based on childrens books
488,488,Norwegian Movies
489,489,Classic Japanese Movies
490,490,Education and Guidance
491,491,Romance Programmes
492,492,Romanian Movies
493,493,European Movies
494,494,TV Shows based on Comics
495,495,Thai Horror Movies
496,496,Steamy Thrillers
497,497,International TV Shows
498,498,TV Documentaries
499,499,Romantic International Movies
500,500,Crime Films based on real life
501,501,Middle Eastern TV Shows
502,502,French TV Shows
503,503,Fantasy TV Shows
504,504,Italian TV Shows
505,505,Critically-acclaimed Comedies
506,506,Peruvian Movies
507,507,Courtroom Dramas
508,508,Action & Adventure Programmes
509,509,Scandinavian Films
510,510,Anime Sci-Fi & Fantasy
511,511,Taiwanese TV Shows
512,512,Cult Sci-Fi & Fantasy
513,513,Classic Romantic Films
514,514,LGBTQ Dramas
515,515,Spanish Comedies
516,516,Bengali-Language Movies
517,517,Filmfare Award-winning Movies
518,518,Indian Dramas
519,519,Romantic Indian Movies
520,520,Japanese Youth Dramas
521,521,Romantic Japanese Movies
522,522,Youth Drama
523,523,Teens
524,524,Romantic Independent Movies
525,525,Music and Musicals
526,526,TV Sci-Fi and Fantasy
527,527,Italian TV Programmes
528,528,Cult Comedies
529,529,British Action & Adventure
530,530,Comedy Blockbusters
531,531,Horror Comedy
532,532,European Dramas
533,533,Classic Action & Adventure
534,534,Western
535,535,Independent Thrillers
536,536,Turkish TV Shows
537,537,Anime Horror Films
538,538,Romantic Youth Drama
539,539,Middle Eastern TV Programmes
540,540,Westerns
541,541,Police Action and Adventure
542,542,Mainland Chinese TV Shows
543,543,Food and Travel TV
544,544,Social and Cultural Documentaries
545,545,Stand-up & Chat Shows
546,546,Danish TV Shows
547,547,Romantic French Movies
548,548,Crime TV
549,549,Spanish
550,550,Korean Dramas
551,551,Brazilian Documentaries
552,552,Thriller & Horror Anime
553,553,Romantic Anime
554,554,Critically-acclaimed Canadian Movies
555,555,Horror Programmes
556,556,Steamy Dramas
557,557,Game-Show
558,558,Dramas based on classic literature
559,559,Critically-acclaimed Documentaries
560,560,Sports Comedies
561,561,Family Cozy Time
562,562,Stand-up and Chat Shows
563,563,Egyptian TV Shows
564,564,Crime TV Programmes
565,565,Miniseries
566,566,LGBTQ Comedies
567,567,Screwball Comedies
568,568,Mystery & Thriller Anime
569,569,Faith & Spirituality Movies
570,570,Steamy Romantic Movies
571,571,Youth Movies
572,572,Argentinian TV Shows
573,573,Visually-striking Sci-Fi & Fantasy
574,574,Steamy Romance
575,575,Home & Garden TV Shows
576,576,Japanese Programmes
577,577,Teen TV Programmes
578,578,K-dramas based on Webtoon
579,579,Tamil-Language Films
580,580,Rock & Pop Concerts
581,581,British Crime Films
582,582,British Thrillers
583,583,Romantic TV Programmes
584,584,South African TV Shows
585,585,Nordic Children & Family Movies
586,586,Polish Comedies
587,587,Kids' TV Shows
588,588,Danish Crime Movies
589,589,Scandinavian Crime Films
590,590,Australian Films
591,591,International Horror Movies
592,592,Classic Dramas
593,593,American Programmes
594,594,TV Comedy Dramas
595,595,Brazilian Music & Musicals
596,596,Classic Children & Family Films
597,597,Classic Sci-Fi & Fantasy
598,598,TV Shows based on Manga
599,599,Critically-acclaimed Independent Movies
600,600,Indian Thrillers
601,601,Japanese TV Thrillers
602,602,Theater Arts
603,603,Wacky Comedies
604,604,Kids TV for ages 11 to 12
605,605,Dutch Dramas
606,606,Dutch Movies
607,607,Reality TV Shows
608,608,Chinese TV Shows
609,609,Blue Dragon Film Award-winning Movies
610,610,Cult Horror Movies
611,611,Cult Movies
612,612,Art House Films
613,613,Chilean TV Shows
614,614,Foreign Comedies
615,615,British TV Comedies
616,616,Military & War Movies
617,617,Australian TV Programmes
618,618,Teen TV Dramas
619,619,Dutch TV Shows
620,620,Malaysian Films
621,621,Psychological Horror Films
622,622,Stand-up Comedy and Talk Shows
623,623,Critically-acclaimed Sci-Fi & Fantasy
624,624,Kannada Movies & TV
625,625,Futuristic Sci-Fi
626,626,Anime for Gamers
627,627,Basketball Movies
628,628,Japanese Comedies
629,629,Brazilian Films
630,630,Japanese TV Dramas
631,631,Japanese TV Shows Based on Comics
632,632,Korean Reality
633,633,Filipino TV Shows
634,634,Japanese Dramas
635,635,Korean TV Programmes Based on Webtoon
636,636,Music and Concert Films
637,637,Chilling Horror Films
638,638,Japanese Thrillers
639,639,Classic Comedies
640,640,Football Movies
641,641,Dutch Comedies
642,642,Korean Horror Movies
643,643,Romantic Comedy Anime
644,644,Werewolf Horror Films
645,645,Singaporean TV Shows
646,646,Malaysian TV Shows
647,647,Classic Thrillers
648,648,Classic War Movies
649,649,Marathi-Language Movies
650,650,Youth Drama Movies
651,651,Latino Stand-up Comedy
652,652,LGBTQ Films
653,653,Comic Book and Superhero TV
654,654,Southeast Asian Movies
655,655,Romantic LGBTQ Movies
656,656,Police Mysteries
657,657,Romantic Foreign Films
658,658,Rap & Hip-Hop
659,659,Variety TV
660,660,French Dramas
661,661,Scandinavian Crime Movies
662,662,East Asian Movies
663,663,Foreign Thrillers
664,664,Tokusatsu Heroes
665,665,Japanese Horror Movies
666,666,Gory Horror Films
667,667,Police Detective Movies
668,668,Critically-acclaimed Action & Adventure
669,669,Indian Films
670,670,Spoofs and Satires
671,671,Anime based on Books
672,672,Brazilian TV Programmes
673,673,Latin American TV Programmes
674,674,LGBTQ TV Programmes
675,675,Malaysian Movies
676,676,Gay and Lesbian Dramas
677,677,Gay and Lesbian Films
678,678,Romantic Gay and Lesbian Films
679,679,Award-winning Films
680,680,Festive Favourites
681,681,Japanese TV Reality & Variety
682,682,Horror TV Serials
683,683,Classic Westerns
684,684,Canadian TV Programmes
685,685,Disney
686,686,Blockbuster Western Movies
687,687,Military Documentaries
688,688,Chilean Movies
689,689,British Crime Movies
690,690,Finnish Movies
691,691,International TV Dramas
692,692,Blockbuster Sci-Fi and Fantasy
693,693,Talk-Show
694,694,Talk Shows
695,695,British Action and Adventure
696,696,Satanic Stories
697,697,Romantic Turkish Movies
698,698,Romantic Movies based on Books
699,699,Football Films
700,700,Turkish Films
701,701,Korean Web Dramas
702,702,Hollywood Movies
703,703,African-American Comedies
704,704,Heist Action and Adventure
705,705,Mecha & Cyborg Anime
706,706,Sci-Fi Anime
707,707,Latin Music
708,708,Romantic TV Soaps
709,709,Thai Dramas
710,710,Nordic Action & Adventure
711,711,US Horror Movies
712,712,US Thrillers
713,713,Ominous Thrillers
714,714,Canadian Comedies
715,715,Canadian Independent Movies
716,716,Thai TV Programmes
717,717,Austrian Movies
718,718,Animated Movies
719,719,Scandinavian Movies
720,720,Chinese Comedies
721,721,Chinese Dramas
722,722,Romantic Films based on a book
723,723,Golden Globe Award-winning Movies
724,724,Modern Classics
725,725,Oscar-winning Films
726,726,Spiritual Documentaries
727,727,Cult Sci-Fi and Fantasy
728,728,US Action
729,729,US Sci-Fi Adventure
730,730,Pop
731,731,Belgian Films
732,732,Biographical Films
733,733,Science and Nature Docs
734,734,Romantic Dutch Movies
735,735,Romantic Japanese Films
736,736,Crime Thriller
737,737,Vampire Horror Films
738,738,Russian
739,739,Experimental Films
740,740,Spanish-Language TV Shows
741,741,International TV Sci-Fi & Fantasy
742,742,Romantic Korean TV Shows
743,743,Critically-acclaimed Independent Films
744,744,Japanese TV Sci-Fi & Fantasy
745,745,Crime TV Documentaries
746,746,Political TV Documentaries
747,747,Horror Anime
748,748,Seinen Anime
749,749,Japanese Horror Films
750,750,Russian TV Programmes
751,751,Dramen
752,752,Internationale Filme
753,753,PreisgekrÃ¶nte Dramen
754,754,PreisgekrÃ¶nte Filme
755,755,Owarai & Variety Shows
756,756,Indian Comedies
757,757,Indian Musicals
758,758,Oscar-winning Movies
759,759,Showbiz Documentaries
760,760,Gay & Lesbian Dramas
761,761,Gay & Lesbian Films
762,762,International Kids TV
763,763,Japanese TV Documentaries
764,764,Camp Films
765,765,International Animation
766,766,Romantic Fantasy TV
767,767,Social and Cultural Docs
768,768,Sports and Fitness
769,769,Belgian Movies
770,770,Mexican TV Programmes
771,771,The Beautiful Game
772,772,Critically-acclaimed Action and Adventure
773,773,Little Kids
774,774,South African Films
775,775,Medical TV Dramas
776,776,Romantic French Films
777,777,African-American Dramas
778,778,Music and Concert Movies
779,779,Pakistani Movies
780,780,Urdu-Language Movies
781,781,Psychological Horror Movies
782,782,Romantic British Movies
783,783,Talk Shows and Stand-up Comedy
784,784,Thai Action & Adventure
785,785,Cyborg & Robot Anime
786,786,Buddy Comedies
787,787,Urban & Dance
788,788,Latino Comedies
789,789,Anime Sci-Fi and Fantasy
790,790,Cyborg and Robot Anime
791,791,Hindi-Language Films
792,792,Food & Wine
793,793,Films for ages 0 to 2
794,794,US TV Documentaries
795,795,Latin American Comedies
796,796,Mexican Films
797,797,Talk Shows & Stand-up Comedy
798,798,National Film Award-winning Movies
799,799,Comedias
800,800,Comedias adolescentes
801,801,TV Animated Comedies
802,802,Kids Programmes
803,803,Soccer Movies
804,804,Deep Sea Horror Films
805,805,Movies for ages 2 to 4
806,806,Slasher and Serial Killer Movies
807,807,British Period Pieces
808,808,Kids TV for ages 0 to 2
809,809,British Horror Films
810,810,Music and Concert Documentaries
811,811,TV Dramas based on Comics
812,812,Finnish TV Shows
813,813,Science and Nature Documentaries
814,814,Classic Children and Family Films
815,815,Classic Musicals
816,816,LGBTQ TV Shows
817,817,Japanese Youth TV Dramas
818,818,Canadian Dramas
819,819,German Documentaries
820,820,British TV Dramas
821,821,TV Teen Dramas
822,822,Faith and Spirituality
823,823,Faith and Spirituality Films
824,824,Holiday Favorites
825,825,Boxing and Wrestling
826,826,Martial Arts
827,827,Japanese TV Reality and Variety
828,828,Halloween Favourites
829,829,Documentary Programmes
830,830,Australian Crime Films
831,831,Australian Thrillers
832,832,Classical Music
833,833,Dutch Children & Family Movies
834,834,Comic Book & Superhero TV
835,835,Cannes Film Festival Award-winning Movies
836,836,Classic International Movies
837,837,Brazilian Music and Concert Movies
838,838,Argentinian Dramas
839,839,Thrillers based on Books
840,840,International TV Thrillers & Mysteries
841,841,B-Horror Movies
842,842,Cannes Film Festival Winners
843,843,Kidsâ Programmes
844,844,Vietnamese Films
845,845,British Horror Movies
846,846,International Period Pieces
847,847,Spanish TV Programmes
848,848,Irish Movies
849,849,Norwegian Dramas
850,850,Period Pieces based on Books
851,851,Kids Faith and Spirituality
852,852,Korean TV Comedies
853,853,Little Kids TV
854,854,TV Variety & Talk Shows
855,855,Country & Western/Folk
856,856,Irish Films
857,857,Jazz & Easy Listening
858,858,Baseball Films
859,859,Norwegian Comedies
860,860,Action and Adventure Programmes
861,861,US Police TV Shows
862,862,Superheroes
863,863,Movies for ages 0 to 2
864,864,Gay & Lesbian Comedies
865,865,Chilean Films & TV
866,866,New Zealand TV Shows
867,867,Dutch Children & Family Films
868,868,Thriller Programmes
869,869,Teen Sci-Fi
870,870,Dance Non-fiction
871,871,Gay & Lesbian Movies
872,872,Chinese Action and Adventure
873,873,Japanese Criminal Investigation Movies
874,874,Female Stand-up Comedy
875,875,Boxing Films
876,876,Anime released in 2016
877,877,Canadian Independent Films
878,878,Russian TV Shows
879,879,International TV Thrillers and Mysteries
880,880,Spanish Thrillers
881,881,Travel and Adventure Documentaries
882,882,Romantic Japanese TV Shows
883,883,Romantic Tearjerkers
884,884,Experimental Movies
885,885,Classic British Films
886,886,Talking-Animal Kids TV
887,887,Romantic Foreign Movies
888,888,The Most Powerful Anime Characters
889,889,Goya Award-winning Movies
890,890,Thrillers based on a book
891,891,Israeli TV Shows
892,892,French Thrillers
893,893,Nature & Ecology TV Documentaries
894,894,Mexican Comedies
895,895,Religious Documentaries
896,896,German TV Programmes
897,897,Argentinian Comedies
898,898,Mind Game Thrillers
899,899,Chinese TV Series
900,900,International Historical TV Dramas
901,901,Romantic Chinese TV Shows
902,902,Crime Movies based on real life
903,903,Military & War Action & Adventure
904,904,Australian Comedies
905,905,Crime Docuseries
906,906,Latin American Police TV Shows
907,907,Military & War Dramas
908,908,Werewolf Horror Movies
909,909,WWII Films
910,910,Romance Movies
911,911,Hard Rock & Heavy Metal
912,912,Politically Incorrect Stand-up Comedy
913,913,Mexican Music & Musicals
914,914,Anime released in 2018
915,915,Classic Children & Family Movies
916,916,Vampire Films
